Random melody 0,69,558,69,569,69,552,62,530,65,584,60,595,69,570,69,538
Random melody 1,60,553,62,569,60,567,72,548,64,549,67,578,60,593,65,590
Random melody 2,67,546,67,576,69,542,62,546,67,521,72,582,62,511,67,519
Random melody 3,67,542,64,583,72,541,65,526,64,521,71,582,60,523,69,562
Random melody 4,62,574,67,504,67,514,69,509,62,549,64,513,72,591,65,536
Random melody 5,60,577,67,586,64,585,67,510,64,571,72,551,69,512,65,521
Random melody 6,65,529,64,561,62,563,72,584,67,561,64,544,72,531,71,540
Random melody 7,67,542,67,551,65,594,65,531,64,524,71,520,71,570,62,596
Random melody 8,67,523,62,588,67,529,65,592,71,534,64,533,64,587,60,504
Random melody 9,60,579,62,527,65,577,69,544,64,586,64,542,69,514,60,532
Random melody 10,67,582,69,554,64,544,69,536,67,521,72,528,71,532,67,537
Random melody 11,65,568,64,515,71,547,60,509,67,528,65,515,64,523,71,596
Random melody 12,69,506,71,582,71,550,65,510,72,542,64,581,71,559,72,554
Random melody 13,69,537,71,501,60,520,71,553,67,573,65,504,71,578,67,558
Random melody 14,69,533,69,522,65,585,60,533,71,587,72,557,65,504,62,519
Random melody 15,64,586,64,540,62,545,65,560,64,504,71,516,64,562,69,585
Random melody 16,69,561,69,560,72,599,71,522,69,522,71,600,65,570,60,586
Random melody 17,72,525,69,570,62,543,65,597,67,504,69,591,64,549,65,529
Random melody 18,65,588,72,525,72,582,72,522,64,535,64,562,71,591,69,562
Random melody 19,69,574,62,525,60,525,72,539,72,550,62,557,69,502,71,547
Random melody 20,64,536,62,521,64,536,67,536,62,526,72,509,71,595,72,591
Random melody 21,67,539,62,503,69,511,71,588,72,500,72,577,62,568,65,539
Random melody 22,69,571,67,528,60,554,69,549,71,522,71,561,72,503,72,595
Random melody 23,69,560,65,567,67,584,69,525,62,558,72,574,62,597,62,572
Random melody 24,67,574,71,500,62,552,65,599,62,565,60,576,62,509,64,539
Random melody 25,65,562,69,519,60,599,71,574,67,561,64,527,65,506,65,584
Random melody 26,67,587,64,511,65,557,69,535,72,547,69,541,65,554,65,547
Random melody 27,69,550,64,537,65,597,65,509,71,523,72,527,69,572,60,524
Random melody 28,69,530,60,513,64,519,60,535,62,510,72,578,62,565,69,548
Random melody 29,65,562,62,539,65,507,72,560,65,555,67,556,67,572,60,531
Random melody 30,62,522,72,567,67,549,62,511,65,558,62,500,67,543,60,559
Random melody 31,72,537,65,576,71,512,65,590,72,595,67,544,67,504,60,570
Random melody 32,64,543,64,529,69,531,62,509,72,544,71,580,62,574,71,544
Random melody 33,71,582,65,557,71,583,71,585,72,565,67,503,72,577,71,551
Random melody 34,65,538,69,573,72,586,65,562,65,520,71,562,65,529,64,500
Random melody 35,72,598,67,565,72,568,71,552,69,525,64,536,71,523,67,506
Random melody 36,69,581,65,528,72,568,62,513,69,565,69,596,62,543,60,567
Random melody 37,64,595,62,542,64,521,62,534,71,524,65,523,71,514,72,523
Random melody 38,72,553,67,525,69,590,72,500,62,580,71,560,67,595,60,541
Random melody 39,62,522,62,581,60,552,69,544,72,579,67,570,71,577,64,580
Random melody 40,65,563,69,525,72,553,72,507,71,521,60,512,62,536,60,545
Random melody 41,64,596,69,589,72,572,60,583,67,547,71,582,69,501,64,548
Random melody 42,64,572,67,531,71,524,65,500,64,581,60,585,65,518,64,559
Random melody 43,72,571,67,561,69,560,60,530,64,534,60,556,64,510,64,503
Random melody 44,62,517,67,592,62,522,72,553,64,564,69,538,64,532,64,588
Random melody 45,60,588,71,558,72,512,60,562,64,531,60,579,62,578,69,527
Random melody 46,72,593,72,544,72,517,62,571,64,589,64,597,69,517,62,574
Random melody 47,67,509,71,524,64,534,64,516,62,598,62,576,65,587,65,584
Random melody 48,62,540,69,505,69,595,60,528,64,555,67,509,69,543,69,502
Random melody 49,67,583,65,597,69,595,71,561,62,573,62,570,64,582,71,578
Random melody 50,72,572,71,521,64,598,72,536,65,565,62,537,62,536,60,511
Random melody 51,65,540,64,589,67,541,62,535,64,500,64,543,67,577,67,534
Random melody 52,67,582,71,519,62,568,62,533,60,547,60,581,64,574,65,521
Random melody 53,71,502,71,549,65,540,71,592,69,500,69,573,67,515,64,598
Random melody 54,71,558,71,535,72,506,69,581,69,584,67,566,69,514,71,569
Random melody 55,62,504,60,585,69,594,67,586,67,550,72,582,69,542,69,536
Random melody 56,64,521,60,568,60,544,72,543,64,513,64,560,60,535,69,584
Random melody 57,64,541,60,540,60,600,62,578,60,501,62,526,65,550,64,517
Random melody 58,65,544,65,568,67,593,64,584,65,557,60,568,64,587,67,574
Random melody 59,64,553,64,542,69,554,64,595,67,598,65,522,64,539,65,560
Random melody 60,71,567,69,572,71,564,72,543,65,560,72,525,69,542,69,569
Random melody 61,67,546,62,559,71,549,69,595,65,566,64,564,64,538,64,568
Random melody 62,65,569,65,544,72,600,69,558,71,521,67,578,69,505,71,596
Random melody 63,62,582,60,509,72,526,67,566,69,542,69,587,67,575,71,572
Random melody 64,72,594,69,542,67,565,67,570,60,539,67,543,64,545,72,512
Random melody 65,67,526,64,517,64,594,60,593,60,512,69,529,71,556,60,519
Random melody 66,60,587,71,594,60,567,60,555,67,573,67,529,60,516,72,523
Random melody 67,69,528,62,585,65,534,60,537,71,540,62,581,67,568,60,595
Random melody 68,62,575,69,582,64,541,71,507,62,505,60,573,71,559,71,544
Random melody 69,72,543,69,558,67,529,71,527,69,586,64,543,62,536,64,557
Random melody 70,60,548,62,542,64,555,69,594,64,504,64,550,69,527,72,507
Random melody 71,64,548,72,567,62,505,72,521,72,512,62,514,67,554,60,505
Random melody 72,69,537,62,523,71,555,64,544,69,518,65,545,69,581,69,511
Random melody 73,65,533,71,553,64,578,72,557,65,595,64,588,72,544,72,559
Random melody 74,62,585,67,569,67,507,71,522,71,593,69,562,72,527,62,527
Random melody 75,72,584,69,508,71,526,60,500,60,548,60,500,69,552,64,519
Random melody 76,69,573,64,592,65,574,65,517,64,527,65,513,62,592,67,540
Random melody 77,72,583,65,527,60,558,60,527,72,550,67,514,62,595,72,565
Random melody 78,72,593,64,560,67,555,65,508,71,569,62,544,67,507,71,587
Random melody 79,71,560,64,594,69,592,64,517,67,569,72,539,69,501,62,514
Random melody 80,67,583,72,593,60,536,69,521,65,519,65,536,67,506,62,530
Random melody 81,69,512,65,588,65,531,71,509,72,557,60,584,71,553,69,567
Random melody 82,60,589,71,516,72,584,71,551,60,565,71,510,71,542,64,554
Random melody 83,67,505,65,540,62,559,72,581,64,519,72,565,64,592,71,570
Random melody 84,72,580,62,513,69,565,69,564,60,579,65,591,62,537,69,542
Random melody 85,62,550,72,593,65,576,64,589,65,502,71,522,71,578,64,524
Random melody 86,69,560,64,552,62,552,62,510,65,529,72,509,72,592,60,583
Random melody 87,60,600,64,542,64,597,72,533,71,515,60,545,64,569,67,523
Random melody 88,64,511,65,533,72,505,65,526,71,501,71,593,64,535,69,594
Random melody 89,62,513,62,536,65,551,60,503,64,505,69,522,69,578,62,521
Random melody 90,60,596,69,515,67,516,72,570,60,524,67,600,65,562,62,503
Random melody 91,64,543,67,512,69,503,65,596,65,517,67,544,69,588,69,517
Random melody 92,72,559,69,583,65,536,72,509,65,584,67,577,64,500,65,500
Random melody 93,67,506,64,529,64,578,60,516,67,523,64,573,71,576,67,570
Random melody 94,71,500,62,594,72,507,64,589,60,503,69,596,72,583,69,585
Random melody 95,64,573,65,586,64,532,60,558,69,505,72,554,71,581,60,542
Random melody 96,69,522,67,589,60,564,69,562,67,595,60,543,69,534,60,556
Random melody 97,65,568,71,530,64,537,64,531,72,502,64,600,69,538,62,563
Random melody 98,65,537,69,500,60,518,62,584,62,532,60,503,60,585,72,575
Random melody 99,62,542,71,575,67,504,72,565,69,506,60,554,62,519,71,600
Random melody 100,60,538,65,511,65,503,67,530,65,534,65,515,64,562,69,584
Random melody 101,64,562,69,534,60,546,65,596,64,595,72,589,69,504,71,585
Random melody 102,71,516,69,538,65,546,71,592,65,599,67,577,65,535,67,551
Random melody 103,62,517,69,556,69,548,65,515,65,550,65,508,67,550,72,581
Random melody 104,64,556,62,529,64,500,71,520,64,522,67,598,72,535,64,571
Random melody 105,60,517,62,505,69,504,65,544,65,564,64,588,62,597,71,513
Random melody 106,72,523,65,575,71,542,69,564,65,500,64,590,67,542,67,543
Random melody 107,67,526,64,566,60,571,65,580,65,522,60,526,69,554,64,563
Random melody 108,69,548,64,510,71,536,67,504,71,512,71,517,60,546,69,548
Random melody 109,67,581,65,587,65,566,67,510,69,531,64,502,62,564,60,586
Random melody 110,72,553,67,524,69,534,71,520,62,532,67,566,71,525,65,518
Random melody 111,64,547,62,502,71,561,71,594,65,571,62,586,72,590,64,537
Random melody 112,72,535,71,517,69,508,67,504,71,580,71,550,60,532,72,575
Random melody 113,62,587,64,522,72,525,65,565,60,501,64,579,72,574,62,503
Random melody 114,72,588,69,523,69,500,67,580,62,555,69,508,62,541,60,546
Random melody 115,67,589,65,579,65,518,67,569,62,565,62,560,64,529,60,591
Random melody 116,64,538,72,595,64,500,62,544,65,502,72,589,65,538,72,593
Random melody 117,69,525,67,570,62,536,69,579,60,542,67,589,60,555,69,532
Random melody 118,71,518,65,600,64,571,69,500,62,583,62,547,71,503,69,519
Random melody 119,65,571,72,577,69,585,69,572,69,555,69,540,62,524,60,565
Random melody 120,64,562,71,587,65,587,60,551,72,559,62,545,65,523,72,502
Random melody 121,64,507,60,526,60,587,72,556,71,546,65,543,69,592,65,587
Random melody 122,64,586,62,588,72,586,64,549,72,500,60,573,72,502,69,511
Random melody 123,65,552,60,534,64,541,69,519,71,500,71,543,69,588,65,585
Random melody 124,71,573,71,501,67,598,62,520,72,535,65,528,67,562,62,527
Random melody 125,64,522,65,540,69,588,60,570,64,571,67,574,67,529,64,559
Random melody 126,65,593,69,581,62,579,71,599,64,588,69,548,67,592,67,523
Random melody 127,62,522,62,564,60,570,67,503,60,537,71,539,71,576,72,579
Random melody 128,64,567,67,594,69,546,60,557,72,511,69,528,71,519,65,588
Random melody 129,72,585,64,575,71,537,62,569,69,510,72,534,65,599,69,584
Random melody 130,64,509,72,531,69,548,60,502,67,507,62,559,72,554,72,578
Random melody 131,71,562,60,523,60,570,71,596,62,579,62,557,67,555,69,500
Random melody 132,65,589,62,581,62,548,71,596,69,582,67,544,71,516,65,508
Random melody 133,71,591,62,537,60,521,71,558,67,522,67,544,71,529,69,515
Random melody 134,62,525,64,515,67,548,69,546,69,555,69,525,64,500,60,522
Random melody 135,62,503,71,551,72,513,72,516,62,535,67,570,71,528,71,528
Random melody 136,71,592,67,587,67,519,67,563,71,558,71,581,62,599,62,563
Random melody 137,62,510,64,563,64,500,60,566,72,510,71,525,67,574,72,556
Random melody 138,65,530,65,574,65,571,65,586,64,547,72,545,72,522,62,568
Random melody 139,60,599,62,590,64,517,69,552,72,536,69,551,69,577,72,536
Random melody 140,62,514,64,549,69,504,67,559,71,587,60,557,67,571,64,589
Random melody 141,60,530,62,524,60,595,64,549,60,538,65,541,67,597,60,515
Random melody 142,62,536,62,557,71,521,67,550,64,561,60,554,65,522,72,562
Random melody 143,64,548,67,548,64,588,64,551,71,565,71,592,69,575,60,500
Random melody 144,62,528,64,550,69,595,72,595,65,523,60,530,71,569,71,544
Random melody 145,62,514,65,562,65,531,71,588,65,540,64,593,69,593,60,572
Random melody 146,67,561,69,532,62,534,67,590,71,554,65,589,64,538,65,532
Random melody 147,65,597,64,596,65,569,71,596,67,592,65,550,65,590,71,533
Random melody 148,65,571,69,573,69,593,71,500,67,553,67,581,72,506,60,547
Random melody 149,72,596,71,578,60,507,72,549,64,516,72,538,60,573,65,552
Random melody 150,72,590,67,555,72,574,62,579,71,506,67,594,65,523,72,542
Random melody 151,64,529,62,548,60,579,67,501,67,535,71,526,67,522,71,587
Random melody 152,60,509,65,514,65,512,72,562,72,556,72,523,72,554,69,563
Random melody 153,62,506,60,544,60,513,65,556,65,518,69,589,67,538,62,570
Random melody 154,65,593,72,540,67,585,64,511,65,523,69,538,65,587,72,523
Random melody 155,69,546,62,533,62,528,71,597,62,518,69,513,62,576,71,512
Random melody 156,71,513,67,500,72,567,67,590,71,508,67,513,72,550,69,582
Random melody 157,67,510,62,596,67,518,72,578,67,568,65,592,65,589,71,540
Random melody 158,67,526,71,555,64,595,71,529,71,584,69,571,67,591,72,586
Random melody 159,60,505,62,578,71,569,62,528,60,516,65,508,60,583,72,555
Random melody 160,67,552,65,502,71,529,69,553,72,536,64,584,71,589,71,544
Random melody 161,62,529,64,589,62,590,62,551,71,544,72,514,69,545,64,509
Random melody 162,72,501,69,569,65,547,64,568,60,547,71,552,72,588,60,545
Random melody 163,69,584,65,506,67,514,65,535,64,530,69,594,72,533,71,511
Random melody 164,67,569,64,527,67,571,60,544,67,539,60,514,60,525,72,507
Random melody 165,60,556,65,563,67,550,72,569,62,589,72,579,72,523,60,575
Random melody 166,64,524,65,535,72,511,72,532,71,543,62,597,67,582,60,550
Random melody 167,72,572,72,564,72,582,64,528,69,537,64,548,65,594,72,539
Random melody 168,62,509,69,545,72,521,60,579,69,598,67,533,62,571,69,600
Random melody 169,64,582,60,595,72,571,65,551,71,598,71,527,71,545,69,591
Random melody 170,65,522,72,589,69,593,67,559,69,547,65,542,71,538,67,506
Random melody 171,67,524,71,515,67,505,67,554,69,598,71,516,71,531,69,592
Random melody 172,71,572,60,531,64,501,67,554,64,575,67,597,60,553,60,514
Random melody 173,64,579,65,524,60,522,64,583,71,539,65,521,67,545,65,582
Random melody 174,67,543,64,543,71,585,67,509,64,549,67,507,72,512,60,525
Random melody 175,71,578,64,587,60,511,67,508,65,565,65,516,62,592,60,521
Random melody 176,60,584,67,551,65,572,67,536,71,526,69,505,72,543,67,565
Random melody 177,71,520,64,517,72,522,62,543,67,582,72,574,60,540,72,593
Random melody 178,71,552,65,527,72,596,71,514,62,512,65,582,64,584,71,568
Random melody 179,72,555,65,503,69,547,72,515,65,600,65,578,71,521,72,511
Random melody 180,71,564,67,545,64,596,67,560,64,502,64,545,60,584,60,527
Random melody 181,64,576,71,571,62,536,65,560,60,503,69,596,65,537,64,544
Random melody 182,64,526,64,557,67,597,67,509,64,551,62,554,71,569,71,525
Random melody 183,60,568,69,583,67,555,62,504,60,555,71,568,72,589,62,566
Random melody 184,71,539,60,571,71,503,71,513,60,590,62,504,64,517,65,578
Random melody 185,62,585,62,541,67,587,67,558,60,586,72,532,62,512,67,569
Random melody 186,60,547,71,529,71,554,65,539,71,550,62,532,65,504,72,558
Random melody 187,69,548,65,502,62,574,67,518,60,562,69,551,62,513,67,560
Random melody 188,64,504,67,553,62,567,64,599,69,527,62,533,65,518,69,562
Random melody 189,65,597,71,573,64,562,65,579,67,520,65,527,60,519,62,520
Random melody 190,71,516,69,554,65,594,69,599,64,538,64,587,72,590,60,571
Random melody 191,62,577,69,577,62,577,72,546,60,547,64,581,72,586,71,521
Random melody 192,60,512,60,549,72,523,67,505,67,537,60,508,72,574,69,504
Random melody 193,60,567,64,567,72,504,60,583,67,583,67,567,71,568,62,583
Random melody 194,64,535,65,557,60,528,65,560,64,577,60,525,62,518,64,500
Random melody 195,69,591,60,530,65,554,65,513,64,506,64,501,67,501,65,517
Random melody 196,71,578,62,507,69,542,60,523,60,600,71,540,71,590,65,528
Random melody 197,67,543,69,500,65,548,60,532,72,548,67,583,72,520,67,555
Random melody 198,64,572,62,507,72,505,65,539,65,533,64,551,64,593,71,561
Random melody 199,64,555,60,537,64,580,72,569,69,582,62,579,62,559,60,507
Random melody 200,62,527,62,547,65,582,67,522,62,560,65,504,65,597,69,505
Random melody 201,62,530,72,560,71,530,72,562,72,508,67,594,64,578,71,504
Random melody 202,69,553,67,517,64,512,65,501,72,500,62,538,60,596,64,525
Random melody 203,65,546,72,598,64,519,64,593,67,506,69,505,72,553,67,571
Random melody 204,60,513,67,591,69,555,71,513,69,536,69,590,62,528,71,588
Random melody 205,72,564,65,527,72,552,67,539,62,513,72,524,72,532,72,523
Random melody 206,67,592,62,589,72,549,72,550,67,508,71,512,72,561,72,510
Random melody 207,62,582,67,524,71,574,60,527,62,557,69,544,64,545,60,501
Random melody 208,71,585,65,542,67,536,67,524,65,567,71,599,64,594,65,527
Random melody 209,64,538,69,523,72,593,64,584,69,501,72,529,67,505,65,564
Random melody 210,69,556,62,578,67,554,67,595,72,591,64,502,64,573,65,564
Random melody 211,62,529,62,513,60,600,64,557,72,519,67,562,65,541,64,583
Random melody 212,62,565,65,521,65,579,64,523,69,582,67,531,65,588,71,591
Random melody 213,64,503,71,553,64,521,67,520,67,596,60,566,62,564,67,565
Random melody 214,65,598,64,595,65,591,65,566,71,513,64,583,60,586,60,554
Random melody 215,72,502,62,555,60,524,64,538,69,502,71,563,67,577,65,522
Random melody 216,64,555,62,537,69,560,62,503,69,520,60,582,67,526,71,595
Random melody 217,69,558,69,551,60,518,67,522,72,599,60,578,71,587,60,584
Random melody 218,65,562,72,589,72,585,67,584,64,572,67,545,62,593,67,501
Random melody 219,62,589,67,546,64,520,64,522,65,583,67,593,72,568,69,591
Random melody 220,69,596,67,559,64,551,69,510,71,512,69,549,64,592,71,567
Random melody 221,72,509,65,556,71,575,72,583,69,556,71,534,60,543,60,548
Random melody 222,60,544,67,500,65,528,67,586,69,544,64,575,64,516,72,584
Random melody 223,64,559,62,532,65,559,72,565,65,524,67,579,67,538,69,502
Random melody 224,71,516,67,520,64,585,64,521,69,531,62,524,62,576,64,560
Random melody 225,71,511,65,501,64,558,67,551,67,524,67,587,67,522,65,576
Random melody 226,67,579,62,540,69,506,62,501,71,552,67,576,60,577,67,586
Random melody 227,60,514,72,551,69,531,72,543,69,568,65,576,62,509,71,529
Random melody 228,72,573,69,585,60,593,64,570,65,589,64,523,67,546,72,592
Random melody 229,65,586,64,519,67,588,69,518,64,518,71,509,65,522,69,515
Random melody 230,62,588,62,575,67,510,72,519,72,538,64,581,71,571,60,510
Random melody 231,71,546,65,595,71,504,67,502,69,595,62,510,62,566,69,567
Random melody 232,71,553,67,541,72,574,67,556,60,561,64,558,69,517,62,512
Random melody 233,71,532,62,577,72,565,72,519,62,561,60,596,64,569,71,529
Random melody 234,65,513,62,551,65,541,60,598,65,575,71,546,67,537,60,503
Random melody 235,60,597,64,551,60,505,71,510,64,568,65,595,60,540,71,528
Random melody 236,72,534,60,531,69,555,67,587,65,551,67,572,62,585,64,531
Random melody 237,72,586,67,537,64,556,65,550,62,512,67,542,60,526,60,563
Random melody 238,72,552,71,513,64,593,62,546,60,508,65,554,69,531,60,537
Random melody 239,64,549,69,572,69,576,69,547,72,565,60,532,69,535,60,527
Random melody 240,64,585,69,557,62,559,71,513,60,566,67,599,65,558,72,514
Random melody 241,72,599,64,597,62,538,72,528,72,561,62,511,64,556,65,505
Random melody 242,60,553,72,533,60,566,64,511,69,551,62,537,65,520,67,537
Random melody 243,67,564,72,564,69,521,60,557,62,519,64,546,69,571,67,551
Random melody 244,72,575,64,533,71,584,67,545,69,514,62,539,72,509,67,592
Random melody 245,67,505,69,545,62,575,67,584,64,557,65,509,72,579,64,572
Random melody 246,65,524,67,571,71,589,62,553,71,543,65,538,65,509,71,596
Random melody 247,69,599,62,577,69,577,72,579,60,600,71,506,71,512,69,536
Random melody 248,71,533,71,595,64,513,64,582,62,541,69,519,64,578,71,591
Random melody 249,69,588,72,593,64,532,62,559,69,530,60,552,71,540,72,551
Random melody 250,60,546,64,529,64,578,65,529,62,552,69,560,72,563,72,524
Random melody 251,65,545,71,576,65,516,60,525,64,578,65,590,71,592,67,556
Random melody 252,71,561,65,508,69,521,67,574,64,550,60,538,69,507,64,573
Random melody 253,72,529,65,504,65,522,72,508,69,582,60,539,62,536,71,534
Random melody 254,64,530,69,557,65,566,60,535,60,543,67,585,67,531,62,555
Random melody 255,71,529,67,580,60,572,71,546,65,549,69,553,62,596,67,514
Random melody 256,64,594,65,508,64,503,60,523,64,552,64,592,65,557,72,566
Random melody 257,71,540,64,523,71,521,62,500,67,546,67,559,69,566,69,585
Random melody 258,67,548,62,517,64,506,60,520,64,562,71,518,72,564,72,549
Random melody 259,64,573,64,558,69,575,69,594,64,589,67,557,62,513,60,588
Random melody 260,67,537,64,564,64,569,71,533,64,588,65,531,64,505,65,575
Random melody 261,69,532,64,579,67,538,62,571,69,521,62,546,67,535,67,593
Random melody 262,67,541,72,506,60,528,65,577,67,597,60,571,62,533,69,590
Random melody 263,71,514,65,576,65,521,67,544,71,546,67,529,67,503,62,545
Random melody 264,71,576,60,555,72,571,64,573,62,539,65,521,60,537,62,502
Random melody 265,62,550,67,598,71,586,62,567,72,567,65,531,69,584,69,534
Random melody 266,67,552,69,523,62,565,67,567,65,510,64,566,71,521,71,511
Random melody 267,62,554,65,588,65,538,72,557,69,510,69,543,67,585,67,541
Random melody 268,72,583,69,529,60,583,67,531,62,585,71,508,67,522,65,525
Random melody 269,71,597,72,580,69,549,72,541,62,561,62,522,62,550,65,547
Random melody 270,65,577,60,559,65,567,67,593,72,563,67,593,65,584,65,600
Random melody 271,67,540,72,530,64,574,67,533,67,596,62,546,64,596,71,538
Random melody 272,67,529,64,552,62,540,62,538,60,560,72,578,69,504,65,559
Random melody 273,69,528,67,521,67,595,65,594,65,503,71,572,64,570,65,552
Random melody 274,64,581,60,560,64,502,65,565,65,553,69,561,62,534,71,576
Random melody 275,67,501,62,600,72,501,69,526,72,583,72,517,60,576,64,598
Random melody 276,67,535,67,540,60,559,64,555,62,567,60,572,62,556,72,562
Random melody 277,71,547,72,568,69,518,71,539,64,552,65,543,67,512,65,545
Random melody 278,64,579,67,559,60,576,67,557,67,522,65,511,65,505,67,585
Random melody 279,69,572,67,552,72,587,69,528,71,524,71,555,64,544,72,505
Random melody 280,69,592,64,594,65,580,69,581,60,565,62,592,64,520,72,596
Random melody 281,69,535,65,550,64,549,65,520,64,583,62,595,67,558,65,548
Random melody 282,71,560,60,521,71,589,71,547,71,580,62,563,72,554,64,593
Random melody 283,69,589,65,572,65,553,69,505,65,518,65,592,71,580,69,527
Random melody 284,65,581,71,521,72,524,65,561,71,569,60,500,64,506,64,520
Random melody 285,65,500,64,562,60,571,72,582,64,506,65,565,71,507,69,560
Random melody 286,69,534,71,535,60,508,67,558,64,596,64,566,64,528,71,502
Random melody 287,62,538,62,558,65,599,60,591,69,555,60,544,71,510,65,504
Random melody 288,67,593,60,530,60,521,67,572,71,534,71,578,69,599,67,578
Random melody 289,71,528,72,530,72,536,65,561,64,558,65,584,67,567,72,590
Random melody 290,64,502,71,557,62,575,71,551,72,582,67,580,60,513,64,500
Random melody 291,64,517,71,521,69,588,65,566,67,560,64,571,72,511,60,519
Random melody 292,72,530,60,500,60,574,67,563,67,588,67,506,71,589,60,591
Random melody 293,67,585,65,501,65,539,64,594,72,553,60,563,67,541,69,553
Random melody 294,65,533,65,534,72,585,71,550,64,547,72,532,72,518,62,575
Random melody 295,72,521,67,564,60,508,62,524,69,540,64,543,60,523,69,599
Random melody 296,62,530,62,511,60,530,71,525,62,545,60,525,60,585,72,512
Random melody 297,67,565,60,500,71,595,64,513,64,531,65,544,69,573,65,539
Random melody 298,64,540,60,536,69,535,62,599,64,592,60,539,60,543,62,586
Random melody 299,71,565,69,512,62,594,72,502,62,504,62,532,60,559,62,545
Random melody 300,72,502,62,557,67,519,69,592,69,533,64,537,60,527,60,548
Random melody 301,72,514,65,507,72,537,65,512,64,506,69,584,65,524,69,558
Random melody 302,65,537,72,518,69,527,71,587,69,530,60,503,69,598,62,507
Random melody 303,67,541,69,539,62,593,60,506,64,552,71,520,62,519,67,517
Random melody 304,69,537,65,553,62,586,67,511,65,557,64,519,71,514,72,516
Random melody 305,71,537,69,546,67,520,72,532,69,535,72,520,69,579,72,587
Random melody 306,65,584,72,537,64,503,60,584,72,584,67,519,69,508,71,580
Random melody 307,60,524,72,572,62,530,64,552,65,522,69,559,62,501,60,538
Random melody 308,69,547,65,523,69,548,72,578,72,581,67,501,64,554,72,503
Random melody 309,72,592,72,504,60,500,62,549,60,536,67,514,71,589,62,507
Random melody 310,64,536,64,593,72,594,72,566,67,557,71,524,72,554,65,523
Random melody 311,64,531,69,593,64,504,60,505,69,514,62,523,69,546,72,538
Random melody 312,69,501,62,546,62,554,62,517,62,529,62,583,64,588,60,547
Random melody 313,67,521,64,546,69,523,67,510,69,528,67,596,72,566,72,591
Random melody 314,60,567,62,554,67,553,64,569,60,505,72,502,67,554,64,560
Random melody 315,69,536,72,565,71,585,60,566,60,582,67,528,71,559,64,531
Random melody 316,64,505,60,519,62,544,65,569,67,516,64,516,69,571,72,567
Random melody 317,64,530,65,520,72,549,65,581,71,537,65,561,62,570,62,585
Random melody 318,71,522,71,526,67,579,69,558,67,533,71,525,65,515,69,600
Random melody 319,60,573,67,580,67,572,72,552,72,558,67,595,62,547,72,572
Random melody 320,65,594,72,593,69,534,69,549,71,504,71,557,60,570,67,558
Random melody 321,71,598,62,572,69,505,64,584,67,517,69,504,67,540,62,544
Random melody 322,64,503,71,596,71,512,62,590,71,575,60,520,69,594,71,511
Random melody 323,67,574,72,521,72,593,71,594,64,551,67,576,64,573,67,568
Random melody 324,64,557,64,542,60,503,69,521,69,591,72,554,67,545,64,570
Random melody 325,60,534,64,586,71,533,71,537,71,593,60,514,64,566,72,500
Random melody 326,60,571,60,551,62,506,69,519,71,539,64,561,69,585,71,523
Random melody 327,64,588,69,541,69,507,72,529,67,556,71,520,67,594,67,577
Random melody 328,72,564,62,572,62,562,67,561,64,575,67,513,62,591,72,550
Random melody 329,69,536,69,546,67,561,72,555,60,592,72,569,64,577,65,560
Random melody 330,67,548,72,512,71,566,67,596,72,565,71,586,67,564,65,522
Random melody 331,69,586,67,582,72,595,64,575,62,518,72,517,64,536,60,551
Random melody 332,60,579,69,514,69,502,64,555,72,550,65,521,64,574,71,507
Random melody 333,69,575,60,590,67,566,60,514,67,574,64,584,64,537,72,551
Random melody 334,60,520,72,538,67,567,67,500,67,532,65,544,71,560,64,555
Random melody 335,69,504,62,544,67,506,65,551,71,542,62,595,62,515,72,507
Random melody 336,64,585,67,569,64,516,62,535,65,557,65,501,60,589,62,530
Random melody 337,62,520,65,530,69,594,69,564,65,543,72,555,67,530,65,507
Random melody 338,72,596,62,587,72,550,71,600,64,566,64,563,71,569,71,535
Random melody 339,60,512,65,578,67,516,60,584,65,521,72,541,69,501,62,584
Random melody 340,67,529,65,528,65,511,64,528,72,578,71,508,69,556,69,553
Random melody 341,60,517,62,564,67,593,71,591,60,546,69,503,60,568,71,504
Random melody 342,71,591,72,553,62,533,60,554,67,517,67,577,65,529,64,530
Random melody 343,72,581,67,597,69,568,62,586,62,536,65,523,64,591,69,574
Random melody 344,69,525,72,594,71,591,60,596,60,536,72,541,60,554,64,560
Random melody 345,72,539,72,539,60,522,62,573,62,593,67,516,60,579,65,500
Random melody 346,71,569,62,552,69,586,67,564,65,509,64,579,64,510,67,524
Random melody 347,69,544,62,530,67,539,64,536,69,526,60,563,71,562,65,568
Random melody 348,72,503,60,534,65,553,65,502,64,574,65,521,62,539,60,576
Random melody 349,62,502,60,507,67,584,64,579,69,502,72,586,67,511,60,510
Random melody 350,71,559,72,583,65,584,67,527,69,508,65,558,60,568,67,557
Random melody 351,69,517,64,577,72,515,69,574,60,506,67,586,60,590,64,524
Random melody 352,62,543,72,595,69,562,62,548,60,576,69,590,60,550,69,584
Random melody 353,72,552,72,560,72,532,69,508,60,535,69,574,67,515,71,531
Random melody 354,72,528,67,590,62,566,62,511,72,514,67,552,71,565,62,546
Random melody 355,67,560,64,513,62,525,65,529,62,557,64,595,60,532,60,571
Random melody 356,60,567,69,549,65,596,72,576,67,529,65,548,62,573,64,574
Random melody 357,62,511,60,535,65,571,65,595,60,594,72,524,71,567,65,564
Random melody 358,60,571,65,514,72,592,65,539,67,577,60,508,65,589,69,576
Random melody 359,72,589,60,502,65,531,71,576,60,552,67,597,69,590,71,600
Random melody 360,72,511,71,518,64,523,72,546,62,595,64,533,72,507,67,544
Random melody 361,71,584,71,530,65,568,67,565,62,577,65,542,62,570,69,547
Random melody 362,71,552,64,502,60,543,67,558,69,541,71,596,62,561,71,548
Random melody 363,65,585,65,505,67,536,65,520,65,531,60,579,65,517,60,548
Random melody 364,62,553,71,536,62,579,62,568,60,529,71,588,67,567,64,551
Random melody 365,60,600,65,529,71,507,72,595,60,523,71,541,71,523,65,567
Random melody 366,69,597,69,554,67,580,72,525,65,588,69,575,71,531,69,509
Random melody 367,65,515,72,526,64,504,69,565,65,539,71,594,64,546,64,589
Random melody 368,69,501,71,533,65,599,69,518,67,512,62,550,69,519,60,561
Random melody 369,69,512,60,578,64,554,62,519,72,592,72,554,65,542,67,537
Random melody 370,72,536,62,506,64,551,72,573,65,598,72,585,67,555,69,566
Random melody 371,69,532,72,527,64,545,71,568,71,518,62,509,67,593,67,564
Random melody 372,69,538,60,511,69,528,69,568,64,509,65,575,69,593,65,559
Random melody 373,60,563,60,506,72,539,67,506,71,562,60,586,60,536,72,544
Random melody 374,71,597,64,539,72,582,65,504,71,517,69,560,62,575,72,593
Random melody 375,65,569,65,587,64,525,60,546,69,527,65,524,60,554,62,556
Random melody 376,60,581,65,596,69,559,64,540,62,535,71,526,69,546,72,521
Random melody 377,71,570,72,524,64,537,60,559,62,546,67,576,71,513,69,567
Random melody 378,67,565,64,549,64,510,60,527,72,589,60,523,60,572,71,543
Random melody 379,65,558,65,583,65,544,62,535,60,550,60,544,69,504,64,544
Random melody 380,67,524,67,584,64,504,67,523,64,597,62,556,65,539,64,516
Random melody 381,60,592,67,589,65,550,64,552,65,584,71,597,72,590,60,575
Random melody 382,62,522,67,525,69,564,67,595,71,509,72,545,64,547,72,595
Random melody 383,64,515,72,562,72,529,71,549,64,592,69,524,62,585,72,506
Random melody 384,65,528,60,581,71,563,72,524,60,588,60,583,65,572,69,557
Random melody 385,64,513,62,521,62,584,60,540,71,566,71,594,64,599,72,526
Random melody 386,69,575,62,575,60,570,67,590,72,583,65,599,65,517,71,574
Random melody 387,72,547,69,506,62,513,62,505,65,530,64,514,65,571,72,551
Random melody 388,65,511,72,534,72,517,62,531,67,535,69,579,62,507,71,579
Random melody 389,65,599,60,559,67,546,67,585,65,501,62,571,69,511,69,527
Random melody 390,67,568,60,577,71,527,65,522,72,578,60,529,65,508,60,547
Random melody 391,60,562,60,559,69,596,69,545,62,502,69,538,64,597,60,540
Random melody 392,69,513,60,574,69,517,64,598,72,585,69,582,69,585,60,572
Random melody 393,60,509,69,504,62,525,65,577,60,520,69,589,62,505,65,553
Random melody 394,71,548,65,517,71,516,60,549,72,514,65,526,67,596,60,599
Random melody 395,67,532,71,510,67,585,64,591,65,598,60,527,72,593,62,529
Random melody 396,64,533,67,529,60,522,71,587,62,560,64,552,64,570,72,595
Random melody 397,71,544,71,571,71,575,65,506,69,509,62,565,64,508,62,597
Random melody 398,69,579,67,527,71,594,64,560,60,500,72,527,60,579,71,592
Random melody 399,60,550,72,502,69,541,72,559,62,570,60,598,71,586,69,548
Random melody 400,64,579,71,542,65,593,64,550,64,502,72,548,67,505,72,570
Random melody 401,60,571,69,570,72,512,67,597,67,563,67,524,72,598,69,533
Random melody 402,64,559,71,502,71,517,71,533,65,595,69,537,72,561,65,591
Random melody 403,64,600,67,537,72,513,69,519,64,533,71,574,64,581,69,599
Random melody 404,60,529,62,585,62,511,69,583,60,528,69,581,62,595,67,561
Random melody 405,69,547,69,563,60,524,64,591,62,523,69,572,65,500,64,527
Random melody 406,71,538,65,535,67,527,60,565,67,507,65,568,72,546,69,554
Random melody 407,67,573,65,514,62,532,64,584,62,583,62,505,64,539,60,537
Random melody 408,64,532,60,545,64,513,72,591,60,569,60,532,72,576,69,598
Random melody 409,67,521,72,561,69,582,69,558,65,535,60,564,60,509,64,600
Random melody 410,62,541,72,556,65,535,67,522,72,522,67,520,64,503,62,513
Random melody 411,67,591,72,592,62,580,64,581,67,503,62,529,65,525,67,509
Random melody 412,65,568,65,542,71,545,60,579,60,555,60,574,62,501,72,584
Random melody 413,67,506,64,566,62,569,62,582,62,523,71,551,64,576,71,563
Random melody 414,72,508,69,506,71,592,67,501,71,521,69,504,62,592,64,545
Random melody 415,62,594,65,562,69,540,60,501,71,506,67,512,62,545,71,595
Random melody 416,64,511,65,503,72,566,60,566,69,538,71,541,64,595,60,539
Random melody 417,64,574,60,568,67,599,67,565,60,566,60,517,71,534,72,580
Random melody 418,65,521,65,507,72,509,64,521,62,527,65,513,64,513,72,581
Random melody 419,67,545,69,597,67,587,64,555,71,577,65,592,60,513,60,588
Random melody 420,64,558,64,563,60,558,71,531,60,514,65,567,69,518,69,512
Random melody 421,60,500,60,537,60,530,64,510,64,505,72,549,69,541,72,558
Random melody 422,64,539,60,545,71,581,71,506,71,548,69,566,62,592,62,533
Random melody 423,65,542,65,570,69,559,71,589,72,531,65,522,64,552,65,558
Random melody 424,64,504,60,593,64,527,67,562,65,540,71,501,72,512,65,541
Random melody 425,67,589,62,572,69,515,60,525,67,540,64,540,69,538,62,598
Random melody 426,71,518,62,585,71,510,72,570,60,573,72,549,60,511,60,529
Random melody 427,60,550,60,508,64,510,67,579,62,599,67,567,72,517,65,588
Random melody 428,62,544,62,573,71,506,67,540,62,573,60,592,71,575,71,505
Random melody 429,67,531,60,529,71,527,65,554,72,539,64,545,62,530,62,581
Random melody 430,60,572,65,575,72,550,64,588,71,570,65,552,64,546,65,600
Random melody 431,62,525,71,547,64,586,64,567,72,598,69,576,62,528,64,572
Random melody 432,71,586,62,600,64,556,67,541,69,544,67,506,60,542,72,566
Random melody 433,71,539,67,543,72,576,72,505,62,521,60,516,71,542,71,519
Random melody 434,71,553,60,532,72,582,67,513,65,589,60,600,62,563,72,532
Random melody 435,69,579,60,540,72,575,60,557,67,590,67,546,72,573,72,597
Random melody 436,64,577,64,581,65,517,60,600,72,590,67,543,62,575,69,508
Random melody 437,65,589,60,524,60,565,71,522,64,508,65,510,64,510,62,506
Random melody 438,69,547,60,550,62,541,69,583,60,592,67,503,72,570,64,555
Random melody 439,60,527,67,527,64,509,67,547,65,524,62,534,62,524,67,592
Random melody 440,65,554,69,558,67,587,71,591,64,600,64,510,64,518,60,528
Random melody 441,69,540,60,500,62,530,60,513,71,593,62,576,71,551,72,510
Random melody 442,72,529,62,558,69,521,71,582,65,540,67,553,72,560,72,502
Random melody 443,60,576,71,511,67,574,62,536,60,545,60,530,67,514,65,523
Random melody 444,60,564,72,562,65,594,62,563,69,584,65,528,67,500,71,535
Random melody 445,67,509,64,591,60,531,65,591,71,575,60,518,65,557,67,544
Random melody 446,60,590,60,551,72,503,65,570,65,556,62,587,65,515,71,599
Random melody 447,67,589,65,514,64,510,64,546,67,562,72,518,64,600,72,536
Random melody 448,72,564,72,599,71,575,62,525,72,514,67,516,69,540,71,525
Random melody 449,64,569,69,545,69,536,69,562,64,599,60,533,60,538,69,595
Random melody 450,65,558,71,585,62,518,62,502,67,552,72,514,67,548,65,501
Random melody 451,71,537,62,587,60,520,62,503,72,570,72,584,60,587,60,528
Random melody 452,72,511,65,594,62,598,69,561,65,531,64,590,67,517,64,545
Random melody 453,60,514,65,532,71,543,67,513,65,506,62,529,60,551,60,577
Random melody 454,72,589,60,510,69,560,69,528,60,567,65,532,64,515,65,585
Random melody 455,71,575,72,592,72,526,65,594,62,549,65,545,67,584,72,544
Random melody 456,65,536,62,558,60,573,69,501,62,593,72,561,71,581,62,526
Random melody 457,69,556,67,547,64,568,71,579,67,548,65,559,65,565,71,547
Random melody 458,69,582,65,502,62,572,60,543,62,531,65,595,60,581,65,562
Random melody 459,69,509,62,595,69,596,72,510,67,586,71,562,71,582,72,558
Random melody 460,65,578,65,560,72,521,60,508,69,515,67,509,72,505,72,518
Random melody 461,60,542,71,552,67,567,64,520,64,565,62,550,62,502,67,536
Random melody 462,69,586,65,530,72,588,72,563,64,599,65,524,72,541,60,560
Random melody 463,64,536,72,565,71,513,67,590,64,506,67,528,65,583,62,542
Random melody 464,72,545,67,564,65,596,71,598,71,588,64,502,69,594,65,528
Random melody 465,72,508,65,583,69,561,62,552,64,595,65,527,64,558,62,506
Random melody 466,67,547,71,564,60,532,72,597,65,503,69,518,71,559,65,586
Random melody 467,64,600,64,506,71,536,67,563,65,583,64,582,67,521,62,600
Random melody 468,64,575,72,546,71,524,71,556,72,528,62,600,60,509,72,510
Random melody 469,64,576,64,564,65,525,64,513,69,537,67,510,60,562,69,539
Random melody 470,71,506,64,501,72,503,67,580,65,589,62,534,62,595,72,541
Random melody 471,64,555,72,542,72,560,71,515,71,568,67,507,65,507,71,566
Random melody 472,71,501,67,600,69,548,72,510,60,500,71,578,69,561,60,506
Random melody 473,67,545,69,552,69,517,64,549,67,562,62,583,71,592,67,524
Random melody 474,65,541,62,600,65,597,65,570,60,570,72,587,62,554,67,556
Random melody 475,62,512,60,583,72,561,62,500,67,586,72,508,60,560,69,599
Random melody 476,62,578,67,583,60,527,60,506,64,576,64,573,71,513,71,577
Random melody 477,67,600,67,576,71,553,65,567,67,587,62,509,62,571,60,544
Random melody 478,72,555,67,534,62,531,60,541,71,557,62,533,71,592,71,586
Random melody 479,69,539,72,507,60,528,71,513,72,545,67,543,64,526,65,558
Random melody 480,65,588,72,535,69,549,65,588,64,584,64,510,60,503,69,594
Random melody 481,60,597,65,522,69,566,62,500,67,578,64,598,65,570,69,524
Random melody 482,71,524,64,578,72,502,72,555,64,559,72,507,60,590,67,523
Random melody 483,64,558,60,500,62,516,69,559,60,543,62,519,65,517,71,523
Random melody 484,69,538,67,545,65,544,64,563,64,540,69,507,65,517,69,525
Random melody 485,64,545,71,546,69,587,71,577,62,600,67,566,71,520,62,522
Random melody 486,71,564,72,510,71,547,69,521,71,536,64,500,71,547,60,558
Random melody 487,64,571,60,565,62,515,67,556,60,536,72,566,69,510,65,513
Random melody 488,65,523,60,522,65,578,60,508,60,520,62,550,65,600,67,568
Random melody 489,64,546,60,538,62,518,71,525,60,594,64,530,67,579,69,527
Random melody 490,62,562,60,533,67,557,72,575,71,513,64,541,64,533,67,560
Random melody 491,67,525,65,551,72,586,62,540,72,574,69,506,60,565,60,504
Random melody 492,64,529,67,503,60,500,69,573,64,567,60,576,69,592,62,551
Random melody 493,71,595,62,594,69,525,71,534,60,533,72,543,69,554,64,565
Random melody 494,65,532,71,534,64,593,65,541,71,507,64,596,69,566,60,536
Random melody 495,60,514,60,553,67,576,62,506,67,576,64,552,60,594,67,600
Random melody 496,60,578,71,544,60,560,65,521,64,593,65,511,71,590,64,567
Random melody 497,60,586,65,549,67,594,62,580,60,581,64,507,71,593,64,595
Random melody 498,67,549,62,502,72,588,62,573,64,558,62,546,64,575,67,534
Random melody 499,67,533,67,566,65,502,72,527,67,506,72,532,60,543,69,573
Random melody 500,60,576,62,583,71,555,72,544,64,574,65,534,64,599,67,599
Random melody 501,69,545,71,576,67,575,67,559,71,533,72,581,65,515,64,582
Random melody 502,72,538,67,588,71,578,72,550,72,535,69,548,72,577,62,511
Random melody 503,62,579,60,529,64,591,64,564,72,571,71,551,69,505,72,546
Random melody 504,64,563,65,596,67,565,72,579,69,594,60,540,60,562,72,540
Random melody 505,71,581,60,512,60,505,62,502,71,505,69,580,65,546,71,543
Random melody 506,71,532,64,580,65,551,72,571,72,542,62,554,71,502,65,546
Random melody 507,69,545,71,548,64,579,72,544,69,516,60,513,60,581,64,528
Random melody 508,67,553,71,534,72,508,62,577,64,597,67,518,62,511,64,556
Random melody 509,67,540,64,536,69,556,65,559,60,547,71,530,65,587,67,550
Random melody 510,67,543,71,595,65,514,60,521,64,592,65,573,71,599,65,562
Random melody 511,72,501,67,577,72,580,64,507,62,599,60,588,60,592,69,560
Random melody 512,62,591,71,573,67,572,62,566,69,545,64,578,69,530,64,529
Random melody 513,72,533,62,568,62,534,67,506,71,542,60,576,69,574,65,553
Random melody 514,67,584,69,585,62,503,72,582,72,523,65,506,60,531,72,515
Random melody 515,64,503,69,548,64,502,65,525,69,528,62,544,72,591,71,513
Random melody 516,64,525,64,524,69,589,71,553,65,569,65,588,71,570,69,554
Random melody 517,71,569,67,554,64,575,65,504,62,564,69,526,72,592,72,562
Random melody 518,65,501,67,560,60,561,71,544,65,565,67,579,62,570,64,506
Random melody 519,69,598,69,594,71,574,67,522,65,539,62,548,69,551,65,543
Random melody 520,72,548,72,596,72,530,67,561,67,581,62,506,60,595,62,525
Random melody 521,62,570,71,561,65,500,71,560,60,516,62,544,71,525,72,535
Random melody 522,72,540,60,513,71,504,65,551,67,520,71,505,65,548,72,515
Random melody 523,65,570,71,584,60,553,65,576,62,529,72,547,62,539,65,540
Random melody 524,72,589,62,523,62,519,71,586,60,520,64,578,69,590,72,508
Random melody 525,69,546,65,510,62,503,64,574,71,581,62,514,64,538,60,517
Random melody 526,71,576,72,551,65,588,69,513,71,513,71,573,60,558,72,563
Random melody 527,65,541,62,527,67,600,69,539,60,587,72,560,60,519,69,538
Random melody 528,72,524,65,592,62,563,65,579,62,520,69,555,72,590,60,566
Random melody 529,67,512,71,554,60,571,67,542,62,591,71,596,64,596,69,551
Random melody 530,71,581,72,586,72,592,60,521,65,551,64,545,64,559,60,578
Random melody 531,62,559,71,596,67,577,71,562,67,582,65,590,65,570,62,597
Random melody 532,72,513,64,528,72,564,71,594,69,562,71,583,65,585,64,504
Random melody 533,72,553,72,580,67,502,71,598,72,571,67,537,72,587,71,575
Random melody 534,65,593,65,549,67,580,72,554,69,552,62,530,72,595,72,553
Random melody 535,64,557,64,583,72,567,65,520,60,526,62,578,62,580,72,597
Random melody 536,65,572,65,556,62,503,65,526,65,565,72,599,67,514,71,577
Random melody 537,62,513,69,580,67,600,71,573,60,511,65,553,64,515,71,576
Random melody 538,71,510,60,517,69,576,67,572,67,555,71,501,65,597,65,600
Random melody 539,65,517,65,587,71,525,71,581,62,543,72,563,62,580,62,507
Random melody 540,67,508,65,570,60,593,67,524,72,507,69,558,65,570,64,520
Random melody 541,67,563,69,561,64,593,72,567,69,571,72,596,64,579,60,551
Random melody 542,65,519,65,511,69,596,60,575,62,502,71,528,60,541,65,570
Random melody 543,64,539,69,531,67,540,64,570,60,514,62,532,60,527,62,520
Random melody 544,69,583,60,549,60,536,67,582,72,571,60,573,69,509,65,597
Random melody 545,69,578,65,544,69,558,65,596,60,555,69,554,64,506,62,589
Random melody 546,65,512,72,573,71,575,72,599,62,530,69,524,69,519,62,570
Random melody 547,65,549,60,523,72,568,60,587,64,516,65,572,72,592,67,516
Random melody 548,71,551,69,586,60,501,62,566,72,526,64,566,72,549,69,549
Random melody 549,71,574,69,526,65,537,62,534,65,577,65,506,64,516,62,585
Random melody 550,65,571,67,532,69,506,60,509,60,534,60,505,71,527,67,574
Random melody 551,69,550,60,597,62,595,67,548,62,562,71,553,72,507,64,596
Random melody 552,65,568,65,562,72,584,60,518,67,596,62,506,67,581,71,594
Random melody 553,65,517,62,575,71,566,60,576,72,558,72,589,72,572,64,561
Random melody 554,69,504,71,511,72,523,67,513,67,568,67,551,64,538,67,513
Random melody 555,64,575,67,531,65,540,69,574,60,561,72,529,72,575,69,511
Random melody 556,64,570,62,517,69,506,62,542,64,512,64,517,65,527,71,529
Random melody 557,69,544,65,577,67,537,72,502,69,577,60,581,72,504,71,565
Random melody 558,62,530,65,576,62,576,64,567,64,527,67,599,72,596,64,522
Random melody 559,62,503,71,559,71,535,72,501,72,567,60,581,64,578,67,592
Random melody 560,72,549,64,557,64,505,60,531,71,541,69,568,64,572,71,502
Random melody 561,65,584,72,575,71,584,64,505,64,554,71,598,69,549,71,569
Random melody 562,64,595,69,544,64,548,72,559,62,559,72,505,65,525,67,511
Random melody 563,64,577,60,545,71,540,65,517,60,502,72,583,71,521,69,546
Random melody 564,62,555,65,526,71,546,67,536,60,505,62,517,71,513,69,522
Random melody 565,67,594,64,550,60,521,60,557,71,587,64,507,60,524,67,502
Random melody 566,72,507,72,513,67,515,69,590,67,565,65,568,71,523,67,552
Random melody 567,72,578,71,598,71,517,72,570,71,521,64,546,65,598,60,570
Random melody 568,62,578,72,568,62,505,71,528,62,559,71,531,72,522,62,543
Random melody 569,65,540,72,599,69,565,69,528,64,555,67,516,67,551,62,503
Random melody 570,62,514,72,572,62,597,65,584,60,598,72,529,72,563,71,574
Random melody 571,62,565,62,581,64,568,67,536,65,500,62,527,71,589,71,546
Random melody 572,62,565,72,545,72,589,71,582,72,537,67,551,71,502,69,567
Random melody 573,64,599,69,548,72,557,71,532,60,508,71,595,69,556,71,533
Random melody 574,64,508,69,530,60,514,65,567,69,531,67,543,69,547,60,564
Random melody 575,72,586,67,568,71,571,62,589,65,586,71,590,62,578,60,546
Random melody 576,60,537,62,547,67,522,64,580,71,515,72,543,62,502,71,590
Random melody 577,69,574,64,567,72,500,65,535,65,554,62,555,64,559,65,581
Random melody 578,69,585,69,580,65,557,72,555,69,578,69,582,64,532,71,535
Random melody 579,71,501,72,533,71,558,72,592,72,517,72,600,71,516,60,521
Random melody 580,62,573,62,563,60,527,65,563,71,579,60,568,65,534,72,588
Random melody 581,62,595,65,532,62,508,60,570,65,523,60,563,67,543,64,514
Random melody 582,65,533,71,503,72,556,60,537,62,575,62,564,62,515,69,501
Random melody 583,71,522,64,570,65,559,60,522,67,538,60,555,64,527,71,517
Random melody 584,62,507,67,553,72,574,60,559,62,541,69,598,71,565,64,531
Random melody 585,69,587,69,518,71,577,71,508,65,592,71,595,69,566,60,590
Random melody 586,65,579,60,527,71,504,65,548,60,506,71,537,71,558,64,561
Random melody 587,65,522,67,500,71,522,71,566,72,585,69,505,60,592,62,583
Random melody 588,72,523,67,571,69,567,67,558,69,580,65,544,64,547,67,577
Random melody 589,65,564,60,600,67,591,67,548,69,554,67,592,64,502,65,581
Random melody 590,65,566,69,522,62,567,65,581,65,583,62,586,67,524,71,538
Random melody 591,72,544,72,553,60,585,62,528,60,522,71,514,64,564,64,584
Random melody 592,60,585,62,567,65,524,60,525,62,564,69,531,62,572,64,586
Random melody 593,69,549,69,517,72,598,65,578,72,524,67,503,60,577,62,541
Random melody 594,71,526,64,510,69,531,69,577,62,534,60,588,62,550,71,526
Random melody 595,60,502,67,538,69,533,69,552,69,577,71,566,65,567,72,520
Random melody 596,67,576,60,583,60,597,60,552,67,556,65,553,60,510,64,531
Random melody 597,64,562,65,529,60,509,64,532,62,532,62,569,60,545,71,595
Random melody 598,72,573,62,530,65,582,69,559,62,503,72,534,69,542,67,518
Random melody 599,60,569,72,518,67,505,67,502,72,529,60,584,69,539,60,591
Random melody 600,71,509,69,520,69,546,64,599,71,543,60,592,72,593,69,516
Random melody 601,72,513,67,568,62,555,67,543,67,568,62,569,72,594,69,599
Random melody 602,62,567,62,531,72,548,60,550,60,532,69,517,71,556,62,513
Random melody 603,69,511,60,530,67,566,67,565,65,545,64,539,65,576,71,553
Random melody 604,65,525,67,524,64,581,64,594,72,576,69,509,60,546,62,531
Random melody 605,71,586,67,532,69,578,67,551,69,534,67,508,71,500,72,576
Random melody 606,60,564,67,600,67,572,67,576,60,568,60,552,60,561,69,575
Random melody 607,64,508,69,575,65,537,71,508,67,574,62,508,67,523,71,589
Random melody 608,67,512,72,549,60,595,65,577,62,503,72,531,67,513,72,524
Random melody 609,60,531,62,508,62,591,60,546,60,515,62,537,69,505,71,576
Random melody 610,64,553,65,522,62,566,71,566,60,568,64,551,64,509,69,501
Random melody 611,72,599,72,581,67,552,67,515,72,549,71,599,65,591,72,549
Random melody 612,67,553,71,531,69,568,69,569,71,547,71,538,62,520,69,541
Random melody 613,69,556,64,523,69,505,71,549,67,570,60,572,60,554,62,568
Random melody 614,71,587,71,531,72,547,64,546,71,552,65,525,71,546,60,574
Random melody 615,65,557,62,530,71,584,72,553,64,594,71,500,60,545,71,546
Random melody 616,71,506,64,522,69,567,72,541,64,541,71,581,65,541,71,577
Random melody 617,60,545,65,569,72,532,69,555,67,585,72,580,64,540,67,548
Random melody 618,64,504,67,568,71,559,64,506,60,531,60,555,62,536,71,521
Random melody 619,67,553,69,579,64,505,64,575,72,582,64,563,69,568,62,534
Random melody 620,64,517,64,568,64,514,60,513,67,568,60,596,65,530,67,600
Random melody 621,62,559,62,578,62,525,72,502,72,532,67,558,62,580,60,575
Random melody 622,65,522,67,598,62,534,64,587,69,511,69,520,67,558,60,597
Random melody 623,69,572,71,547,72,544,72,598,65,500,67,515,72,560,67,524
Random melody 624,72,549,64,588,67,518,65,512,62,508,65,521,62,588,69,548
Random melody 625,69,516,72,582,71,542,72,586,72,591,72,564,60,552,71,586
Random melody 626,62,583,65,550,64,540,60,561,62,587,65,529,71,562,72,568
Random melody 627,60,571,62,538,72,558,64,577,65,518,71,539,67,569,60,573
Random melody 628,60,569,65,560,65,597,65,547,69,501,65,501,65,528,65,510
Random melody 629,69,578,71,564,69,587,64,550,71,542,62,501,69,531,71,581
Random melody 630,62,580,64,513,69,521,64,541,60,579,71,600,62,525,69,513
Random melody 631,72,563,67,568,69,588,65,596,65,599,60,516,62,564,72,543
Random melody 632,65,536,65,504,72,519,72,585,69,534,65,582,60,534,71,552
Random melody 633,62,597,69,585,69,548,62,580,72,552,69,548,65,539,65,502
Random melody 634,67,584,69,521,60,592,60,587,72,534,64,569,64,592,64,557
Random melody 635,64,600,67,522,62,552,72,515,72,600,65,579,60,530,67,523
Random melody 636,72,557,72,520,72,530,71,561,71,525,67,535,62,516,71,532
Random melody 637,60,589,72,576,69,590,67,575,71,573,71,564,64,565,72,594
Random melody 638,69,567,60,554,62,600,65,540,69,565,69,523,67,591,67,511
Random melody 639,72,512,72,548,64,584,60,566,71,580,62,586,69,579,65,555
Random melody 640,62,583,60,506,60,542,64,558,71,593,71,596,64,537,62,543
Random melody 641,60,558,62,550,69,523,62,536,62,541,62,558,71,549,67,554
Random melody 642,64,576,71,529,64,527,62,515,71,555,60,526,67,573,62,573
Random melody 643,69,594,69,571,69,536,64,536,67,510,64,567,62,580,60,527
Random melody 644,72,522,67,576,60,591,65,512,62,562,71,567,62,513,64,520
Random melody 645,60,562,71,577,60,537,72,546,72,574,71,558,67,510,64,593
Random melody 646,69,533,71,515,60,559,60,586,69,545,71,543,72,588,60,566
Random melody 647,60,551,65,541,62,516,67,506,65,565,60,516,72,533,62,565
Random melody 648,67,510,67,512,65,544,67,585,67,505,60,574,71,541,64,556
Random melody 649,67,521,71,578,69,584,71,530,71,508,65,541,64,567,60,585
Random melody 650,67,526,60,585,64,567,65,506,64,594,64,588,64,580,69,534
Random melody 651,62,589,64,581,67,524,62,558,67,526,67,537,60,536,67,514
Random melody 652,60,536,60,525,72,514,65,562,65,584,62,528,64,577,69,546
Random melody 653,72,596,62,591,67,527,72,570,72,576,65,566,65,591,64,511
Random melody 654,72,581,64,505,60,581,62,510,65,522,62,600,67,523,67,534
Random melody 655,72,551,62,502,60,531,65,587,62,574,67,538,62,583,60,519
Random melody 656,60,508,71,560,64,567,62,590,71,525,67,563,67,555,72,544
Random melody 657,60,522,64,575,69,584,72,572,67,508,67,504,69,506,60,570
Random melody 658,69,502,62,600,62,548,67,536,65,530,60,515,64,583,69,533
Random melody 659,69,531,65,543,72,566,62,573,65,580,62,546,67,507,72,552
Random melody 660,64,521,65,593,71,588,72,564,67,568,71,519,67,524,60,525
Random melody 661,64,504,62,570,65,580,64,560,69,550,62,512,67,568,60,597
Random melody 662,67,505,62,582,69,519,60,527,69,521,65,506,60,551,72,584
Random melody 663,62,500,60,531,60,507,69,556,64,577,69,561,64,513,71,561
Random melody 664,72,539,69,553,71,530,67,560,71,534,60,585,60,551,71,600
Random melody 665,62,599,69,510,65,513,60,507,72,584,71,563,60,511,67,578
Random melody 666,71,560,62,529,67,551,62,509,65,527,69,532,65,563,62,597
Random melody 667,72,511,67,574,64,599,69,509,67,518,60,503,64,539,67,588
Random melody 668,71,530,72,593,71,515,62,558,72,589,62,589,67,585,64,581
Random melody 669,71,547,64,507,71,539,72,538,64,574,71,547,71,596,71,534
Random melody 670,69,600,69,568,67,558,71,540,71,537,71,546,64,560,67,531
Random melody 671,67,600,72,571,60,580,62,528,67,510,69,561,67,526,60,576
Random melody 672,69,531,65,544,65,581,65,586,60,594,62,579,71,508,72,567
Random melody 673,72,569,64,544,64,538,64,596,71,570,62,570,69,532,60,505
Random melody 674,60,556,62,553,64,543,69,598,60,513,60,512,64,577,72,536
Random melody 675,65,531,72,542,62,508,72,555,71,502,60,580,60,571,62,556
Random melody 676,69,514,62,533,64,559,60,539,60,600,71,596,62,537,65,516
Random melody 677,64,502,67,538,62,585,69,573,69,558,71,569,67,578,62,511
Random melody 678,69,556,67,595,64,577,69,551,62,556,60,530,65,552,60,536
Random melody 679,69,501,65,575,71,532,64,508,69,560,71,539,71,521,69,518
Random melody 680,71,512,65,588,72,535,64,542,72,512,72,584,62,507,64,588
Random melody 681,60,525,65,506,67,529,67,592,65,552,65,518,64,592,71,546
Random melody 682,65,548,69,522,67,586,65,595,69,572,64,579,65,600,60,505
Random melody 683,60,593,64,524,69,589,72,552,72,553,62,505,64,546,64,560
Random melody 684,69,531,64,581,72,564,62,535,72,548,64,518,71,565,67,536
Random melody 685,67,565,69,529,71,594,64,522,60,549,71,573,71,579,67,536
Random melody 686,60,519,60,548,71,555,60,544,71,563,65,572,71,588,72,527
Random melody 687,62,517,64,549,60,531,67,549,60,558,65,500,72,544,71,545
Random melody 688,65,513,71,558,60,526,65,535,71,563,71,563,65,524,69,593
Random melody 689,60,550,72,545,69,534,72,504,69,573,65,556,72,578,65,534
Random melody 690,67,532,62,536,67,593,62,542,67,581,71,578,65,530,69,509
Random melody 691,67,598,62,579,62,540,69,521,60,519,71,518,72,520,65,511
Random melody 692,72,585,60,577,69,504,60,588,60,511,64,574,71,525,72,502
Random melody 693,60,533,60,528,62,518,67,539,71,559,72,573,69,523,62,509
Random melody 694,72,573,69,567,60,578,65,526,71,549,67,572,69,598,71,530
Random melody 695,69,540,69,511,60,568,72,537,69,589,62,584,67,558,60,519
Random melody 696,60,545,69,578,60,573,64,573,62,545,60,502,69,580,69,553
Random melody 697,65,536,60,598,60,538,71,513,65,537,65,513,62,560,64,519
Random melody 698,72,578,71,556,72,515,67,584,65,579,67,592,67,592,71,591
Random melody 699,65,551,62,570,71,520,72,537,62,548,69,515,60,516,60,585
Random melody 700,72,585,72,577,65,559,62,512,62,600,67,511,72,527,67,527
Random melody 701,64,520,71,527,67,576,62,538,72,516,62,503,65,561,62,527
Random melody 702,72,551,67,590,71,597,64,506,67,506,71,593,67,518,62,537
Random melody 703,69,523,71,592,62,573,64,539,62,584,67,576,71,581,60,561
Random melody 704,72,529,71,599,69,571,72,573,62,595,67,549,65,540,60,562
Random melody 705,64,585,65,588,60,589,60,511,71,578,67,503,60,512,62,561
Random melody 706,72,544,69,535,60,506,67,501,65,511,67,592,71,546,67,513
Random melody 707,64,552,60,517,62,533,65,585,67,549,62,505,67,554,69,534
Random melody 708,62,506,62,582,62,591,64,517,71,593,67,583,71,582,65,537
Random melody 709,72,550,60,511,71,515,69,548,71,595,64,523,60,587,69,593
Random melody 710,64,574,72,597,67,592,67,505,62,566,60,522,72,596,69,528
Random melody 711,69,537,65,564,62,543,72,547,67,563,65,589,62,575,62,572
Random melody 712,69,504,67,555,71,598,60,588,69,573,60,552,62,592,67,527
Random melody 713,65,597,62,579,72,508,60,543,64,561,65,593,72,541,60,525
Random melody 714,67,521,62,569,69,537,60,598,71,543,65,516,67,516,67,578
Random melody 715,64,592,60,513,72,559,69,558,71,510,69,552,64,508,65,558
Random melody 716,64,533,69,600,71,566,60,596,64,550,71,556,69,584,67,534
Random melody 717,71,571,72,544,62,509,71,562,67,520,65,535,71,574,64,529
Random melody 718,72,520,67,537,62,550,62,541,64,557,60,508,69,583,64,518
Random melody 719,69,500,65,549,62,509,60,514,65,540,65,517,71,514,67,566
Random melody 720,71,570,65,585,72,519,62,581,65,513,69,531,62,538,60,586
Random melody 721,67,541,67,542,60,547,65,500,62,521,62,591,71,523,60,502
Random melody 722,62,542,64,585,65,507,69,557,67,552,65,572,69,558,72,586
Random melody 723,72,550,72,550,60,545,64,541,69,584,60,544,71,560,72,569
Random melody 724,72,581,72,525,72,532,71,575,65,565,71,559,72,588,72,580
Random melody 725,72,532,60,517,72,518,65,599,71,520,72,506,60,513,65,576
Random melody 726,69,579,60,524,67,592,71,598,65,502,71,583,67,577,72,511
Random melody 727,64,530,69,590,72,526,64,567,67,517,62,530,67,573,69,540
Random melody 728,65,577,64,556,62,554,67,514,69,517,62,600,65,553,72,546
Random melody 729,65,539,72,580,67,589,62,538,71,507,67,551,67,567,69,550
Random melody 730,60,556,64,518,60,527,72,546,69,502,64,566,67,520,62,574
Random melody 731,62,501,65,523,60,567,64,540,69,538,62,596,65,555,69,553
Random melody 732,64,517,72,556,62,508,62,510,72,564,71,522,62,519,62,509
Random melody 733,62,546,72,557,71,508,69,553,71,595,62,565,60,521,64,591
Random melody 734,65,561,65,560,62,587,62,542,71,513,67,587,62,569,67,552
Random melody 735,67,598,69,584,69,513,65,527,67,548,71,584,71,552,72,595
Random melody 736,72,558,62,539,65,571,67,531,60,527,65,536,67,532,65,550
Random melody 737,71,549,67,527,69,569,65,548,69,573,64,575,60,510,72,581
Random melody 738,62,552,65,543,69,576,69,588,62,596,71,560,64,600,69,570
Random melody 739,69,581,65,528,60,596,72,522,71,590,62,506,62,574,65,553
Random melody 740,72,537,62,559,72,512,65,511,62,546,64,579,72,571,60,581
Random melody 741,65,504,62,556,72,577,67,565,64,509,62,546,64,596,67,573
Random melody 742,72,511,71,600,64,531,72,595,67,560,60,502,69,554,71,538
Random melody 743,60,524,72,547,64,534,71,532,65,536,64,500,67,528,71,549
Random melody 744,60,522,72,584,67,516,64,560,71,589,60,596,67,509,64,569
Random melody 745,64,593,67,581,60,566,62,574,69,595,65,536,71,535,71,582
Random melody 746,65,556,69,544,60,586,67,523,71,538,72,597,64,570,72,508
Random melody 747,60,557,62,518,72,510,69,544,60,591,72,600,67,543,60,556
Random melody 748,64,527,69,522,72,531,69,510,62,589,65,520,65,572,64,580
Random melody 749,67,528,60,562,69,563,69,511,72,587,67,535,67,540,60,558
Random melody 750,65,563,71,560,72,507,71,514,65,599,65,562,60,592,71,597
Random melody 751,72,573,64,548,72,595,71,553,60,502,65,526,60,565,71,590
Random melody 752,64,513,71,520,69,546,69,563,64,536,67,563,60,512,67,551
Random melody 753,65,570,67,516,71,518,62,548,62,502,67,508,67,575,69,545
Random melody 754,67,509,71,541,72,520,64,546,71,554,71,518,62,522,65,547
Random melody 755,71,547,65,566,72,521,69,511,69,549,72,600,60,579,67,591
Random melody 756,71,571,71,598,65,511,64,507,64,525,72,584,62,510,71,536
Random melody 757,64,501,60,557,71,592,62,509,72,542,69,528,62,530,71,599
Random melody 758,60,502,65,531,71,580,62,543,62,517,72,553,60,568,65,579
Random melody 759,60,563,69,512,60,519,60,512,64,574,64,562,69,506,71,521
Random melody 760,71,505,71,522,69,579,71,573,72,596,62,506,60,545,62,527
Random melody 761,64,564,62,512,65,526,71,556,69,584,71,593,65,502,62,600
Random melody 762,72,589,69,566,67,586,64,506,62,542,64,589,65,591,72,525
Random melody 763,60,535,67,520,67,600,67,561,67,573,65,552,60,581,64,518
Random melody 764,64,522,69,598,69,566,62,594,62,558,67,545,65,508,71,553
Random melody 765,67,599,71,575,71,562,62,587,62,535,69,536,64,586,67,521
Random melody 766,62,543,65,503,65,510,64,524,71,564,64,502,69,554,64,502
Random melody 767,65,525,71,502,71,512,65,590,67,504,71,539,72,591,64,558
Random melody 768,71,513,64,592,60,590,64,580,71,526,65,538,71,595,71,573
Random melody 769,62,514,69,508,65,593,64,548,60,516,67,522,62,572,64,520
Random melody 770,60,521,71,594,71,531,60,572,72,562,64,526,72,590,65,581
Random melody 771,72,514,67,537,67,515,71,557,65,520,71,518,62,500,60,505
Random melody 772,60,573,72,552,65,514,69,598,60,518,71,533,62,542,69,534
Random melody 773,64,591,71,519,60,533,71,520,71,508,60,553,71,598,67,519
Random melody 774,67,546,62,542,64,581,72,564,72,519,69,544,67,519,69,583
Random melody 775,64,538,69,572,60,581,60,542,62,519,71,507,67,523,62,565
Random melody 776,65,563,60,518,67,540,62,509,71,505,71,503,62,527,67,554
Random melody 777,60,550,65,580,60,549,72,565,64,550,71,544,64,598,69,579
Random melody 778,60,510,64,538,72,572,69,575,60,531,60,559,69,591,64,575
Random melody 779,67,537,71,552,62,500,64,502,71,532,71,511,64,526,60,598
Random melody 780,69,561,67,552,60,596,62,507,67,596,69,585,72,542,60,543
Random melody 781,67,506,65,501,60,569,60,579,60,566,64,538,65,543,72,582
Random melody 782,69,565,65,502,62,599,64,538,65,582,62,561,67,571,67,587
Random melody 783,69,554,69,598,71,502,69,541,67,502,64,583,71,585,62,582
Random melody 784,64,599,69,548,72,532,71,549,69,514,60,600,64,538,62,562
Random melody 785,64,566,62,527,62,517,71,594,72,527,72,554,67,518,64,513
Random melody 786,60,565,69,574,71,534,62,532,71,518,72,568,62,544,65,524
Random melody 787,69,596,72,504,60,586,71,523,62,510,62,585,71,599,65,542
Random melody 788,67,505,72,558,60,597,67,543,60,592,64,524,67,517,69,573
Random melody 789,67,559,72,571,72,590,71,570,67,569,60,506,65,511,71,536
Random melody 790,65,529,67,592,60,585,71,501,64,552,65,586,71,549,72,553
Random melody 791,65,525,72,585,64,520,62,532,69,502,62,541,64,584,71,567
Random melody 792,67,548,65,568,65,527,67,541,65,529,67,564,72,521,71,518
Random melody 793,67,580,60,513,71,561,60,576,72,522,65,579,69,582,67,515
Random melody 794,67,544,71,551,60,579,72,566,69,511,72,561,64,589,64,517
Random melody 795,60,525,62,539,62,575,71,511,62,513,62,580,65,571,71,541
Random melody 796,69,589,71,510,60,518,67,547,71,559,71,553,62,535,64,576
Random melody 797,69,542,65,584,72,588,65,594,69,506,60,530,64,592,72,579
Random melody 798,65,561,65,512,71,533,60,581,60,561,65,589,65,538,62,528
Random melody 799,71,591,60,556,65,507,60,575,69,513,64,513,67,513,72,534
Random melody 800,62,548,62,584,62,597,64,501,65,542,64,500,62,547,64,550
Random melody 801,62,515,62,500,62,551,69,501,62,546,72,532,64,525,60,530
Random melody 802,65,536,60,572,62,558,69,516,64,518,62,586,65,500,69,594
Random melody 803,71,575,67,561,64,530,60,526,69,545,60,541,69,568,62,591
Random melody 804,72,533,65,575,60,534,60,546,64,554,69,567,64,577,67,593
Random melody 805,60,594,64,534,71,569,71,551,64,591,62,578,71,511,71,527
Random melody 806,67,552,62,510,72,524,65,586,64,553,60,542,72,586,71,501
Random melody 807,62,581,64,536,62,566,64,578,65,580,69,547,64,531,72,594
Random melody 808,65,598,69,510,71,598,64,586,72,565,65,515,64,600,65,580
Random melody 809,69,536,62,561,67,509,71,587,62,543,65,554,60,590,62,530
Random melody 810,71,521,71,598,60,525,62,560,62,558,71,599,65,582,71,574
Random melody 811,71,542,71,530,69,593,72,590,69,517,69,564,64,548,67,531
Random melody 812,60,548,67,588,62,546,65,554,64,573,64,582,65,513,64,510
Random melody 813,60,515,60,507,72,584,67,528,69,564,62,537,60,550,62,525
Random melody 814,60,552,67,515,65,570,69,568,67,590,65,562,72,511,60,587
Random melody 815,60,550,71,548,62,549,64,566,60,584,65,599,60,582,60,599
Random melody 816,62,569,71,552,64,504,67,594,69,533,71,582,69,500,71,511
Random melody 817,62,529,69,588,67,550,71,503,60,532,65,513,60,584,64,516
Random melody 818,67,518,67,549,71,514,64,545,71,575,67,522,72,549,71,539
Random melody 819,62,542,62,596,60,523,64,553,65,576,65,502,71,564,71,564
Random melody 820,67,559,71,501,60,576,67,547,60,553,67,539,71,545,71,582
Random melody 821,65,548,64,599,65,531,64,565,71,506,69,584,72,519,64,512
Random melody 822,65,518,64,567,60,591,67,515,64,588,62,547,67,529,60,524
Random melody 823,62,579,69,544,67,509,69,516,65,515,71,537,69,508,67,518
Random melody 824,72,598,65,534,60,583,67,537,71,505,60,533,67,583,65,559
Random melody 825,62,527,60,589,65,528,71,565,64,534,69,600,69,527,69,546
Random melody 826,69,535,67,538,69,563,67,521,72,577,67,597,69,598,62,563
Random melody 827,65,599,60,586,65,600,67,590,65,518,64,583,67,527,65,567
Random melody 828,71,556,65,545,65,573,71,596,60,529,65,572,72,532,65,501
Random melody 829,64,598,65,582,72,572,69,513,65,580,67,504,64,532,71,585
Random melody 830,71,560,67,573,71,570,69,544,67,516,69,509,69,560,72,507
Random melody 831,60,510,60,569,69,538,72,545,67,578,64,582,60,532,69,535
Random melody 832,65,527,71,581,65,578,65,506,71,538,69,513,67,508,71,574
Random melody 833,60,570,65,561,65,545,69,599,62,578,71,539,67,525,64,570
Random melody 834,60,581,67,561,67,566,71,519,69,503,64,521,71,509,62,592
Random melody 835,71,598,67,566,60,539,62,552,67,568,64,544,69,528,60,580
Random melody 836,72,520,65,510,67,570,62,559,62,554,60,531,67,598,72,585
Random melody 837,67,510,62,553,67,566,64,527,72,559,71,529,60,504,67,555
Random melody 838,60,578,69,541,60,513,60,587,72,588,72,573,72,591,72,541
Random melody 839,67,520,67,560,72,561,72,501,69,564,65,514,60,600,72,527
Random melody 840,65,571,60,575,62,502,65,518,62,596,65,547,60,551,72,505
Random melody 841,60,505,65,500,65,570,72,553,65,567,71,584,72,589,64,544
Random melody 842,65,531,72,539,69,541,60,578,60,585,60,596,67,529,72,563
Random melody 843,69,599,67,515,71,521,72,592,69,552,62,573,65,549,69,581
Random melody 844,72,565,69,519,69,551,67,569,65,546,67,558,69,546,60,548
Random melody 845,71,517,65,587,60,557,71,595,67,535,60,535,69,540,62,589
Random melody 846,65,573,60,535,72,600,71,567,67,521,62,531,62,590,67,558
Random melody 847,65,574,71,563,71,551,67,568,62,588,60,563,69,510,72,547
Random melody 848,65,518,65,505,71,599,71,534,65,534,62,583,71,584,64,542
Random melody 849,69,561,72,547,65,570,69,556,65,548,71,535,64,536,62,502
Random melody 850,72,541,71,530,67,512,60,570,67,586,65,527,60,542,71,600
Random melody 851,69,591,64,508,65,579,69,534,60,588,69,565,72,539,64,595
Random melody 852,72,551,67,575,64,513,67,570,65,589,60,513,72,600,65,502
Random melody 853,64,517,69,502,67,562,65,548,62,588,60,562,62,539,65,537
Random melody 854,72,534,65,585,67,524,69,533,65,589,69,527,67,556,62,598
Random melody 855,69,559,65,563,64,595,64,552,69,595,65,548,69,537,69,583
Random melody 856,64,539,69,557,67,520,69,585,65,546,64,569,72,582,71,577
Random melody 857,72,534,65,568,71,597,69,589,69,503,65,552,67,593,71,579
Random melody 858,60,501,60,596,67,582,71,503,65,525,64,548,72,553,67,579
Random melody 859,71,554,64,541,60,542,60,576,65,592,72,528,69,585,65,542
Random melody 860,65,590,71,512,60,520,62,528,62,571,72,508,71,594,72,565
Random melody 861,65,527,67,542,62,525,65,532,69,526,60,513,69,538,71,563
Random melody 862,69,545,69,588,60,540,62,560,69,543,64,563,64,527,69,597
Random melody 863,64,527,65,573,71,556,69,515,65,594,67,521,62,506,65,514
Random melody 864,62,508,69,550,62,520,64,542,64,562,71,503,62,535,64,590
Random melody 865,67,538,65,577,64,503,69,597,62,536,71,560,65,574,64,518
Random melody 866,62,579,64,590,71,597,62,585,67,517,60,565,64,584,67,577
Random melody 867,65,581,71,515,69,500,71,509,72,556,72,578,65,502,64,511
Random melody 868,65,566,67,517,71,595,60,509,60,522,65,562,62,571,71,558
Random melody 869,60,535,72,523,69,507,65,519,72,550,60,560,65,532,72,559
Random melody 870,65,600,72,580,65,566,69,590,71,546,65,515,72,581,60,553
Random melody 871,72,503,62,590,69,593,69,549,67,558,62,570,72,584,69,545
Random melody 872,60,543,65,526,67,558,69,585,71,581,62,598,62,584,62,503
Random melody 873,65,535,64,594,60,585,69,558,72,570,71,536,72,584,72,586
Random melody 874,67,563,69,549,62,583,71,548,69,579,71,553,69,509,72,553
Random melody 875,69,556,60,556,67,544,65,555,67,520,65,549,72,506,69,597
Random melody 876,72,506,69,594,67,513,62,562,62,534,65,526,72,567,69,573
Random melody 877,62,568,72,527,60,520,72,533,65,539,60,598,71,558,72,539
Random melody 878,62,515,65,590,62,534,72,525,71,546,71,582,60,521,65,583
Random melody 879,64,536,69,595,65,587,60,522,65,557,72,527,72,575,62,521
Random melody 880,60,562,64,572,64,549,64,591,65,596,69,520,72,547,64,520
Random melody 881,69,507,65,518,67,531,64,552,64,561,71,508,71,538,71,591
Random melody 882,71,575,69,562,65,537,69,533,60,551,72,544,71,535,62,598
Random melody 883,69,528,60,525,67,539,71,522,69,587,64,529,62,545,64,596
Random melody 884,62,539,72,532,71,517,69,503,67,598,65,539,64,538,69,545
Random melody 885,60,509,72,595,71,562,65,536,71,560,60,556,62,555,71,568
Random melody 886,69,527,69,500,62,531,71,522,62,568,65,596,60,573,71,561
Random melody 887,72,579,69,561,62,559,71,550,71,578,71,556,62,589,60,576
Random melody 888,71,520,65,550,60,526,69,542,67,511,67,582,60,507,65,504
Random melody 889,64,516,72,579,67,509,65,575,72,540,67,560,64,583,72,573
Random melody 890,60,571,67,511,62,529,72,533,72,554,69,511,62,524,62,579
Random melody 891,65,522,64,507,60,584,62,544,71,546,64,535,60,537,69,552
Random melody 892,64,589,64,556,60,501,65,515,60,554,67,569,67,531,72,502
Random melody 893,72,544,69,533,69,556,65,587,60,545,62,578,60,578,72,517
Random melody 894,60,500,67,560,72,570,60,518,67,540,62,533,62,558,65,517
Random melody 895,65,564,71,529,60,537,72,580,65,584,71,509,72,511,72,600
Random melody 896,71,575,60,580,64,546,64,575,69,520,72,573,67,563,62,578
Random melody 897,71,502,67,551,71,549,64,512,71,513,65,582,72,570,64,566
Random melody 898,69,516,69,560,67,596,69,520,69,515,71,564,69,545,72,593
Random melody 899,72,576,60,551,62,593,69,537,65,595,62,531,60,520,60,521
Random melody 900,67,560,69,533,69,507,72,548,67,571,71,567,71,583,62,554
Random melody 901,67,519,65,592,64,568,69,500,64,564,60,587,67,518,65,503
Random melody 902,69,562,67,568,69,565,72,587,67,537,62,518,71,526,65,566
Random melody 903,67,590,67,504,67,528,67,532,72,541,64,586,60,573,64,586
Random melody 904,64,578,72,518,64,575,60,570,65,584,65,520,65,549,69,508
Random melody 905,60,520,72,589,64,542,60,538,71,578,67,514,64,522,72,571
Random melody 906,71,528,64,502,65,504,71,582,64,539,71,521,71,544,71,569
Random melody 907,64,588,60,507,71,502,64,560,67,541,65,514,65,600,67,527
Random melody 908,64,517,67,595,60,536,64,574,67,506,67,588,67,539,62,511
Random melody 909,60,519,72,508,71,587,65,518,65,586,62,549,67,597,62,510
Random melody 910,65,534,62,508,72,585,69,521,64,585,64,540,65,506,67,561
Random melody 911,64,507,64,600,65,595,65,509,65,538,71,585,64,521,67,540
Random melody 912,72,552,62,502,67,548,65,557,71,553,62,567,67,513,65,540
Random melody 913,60,568,65,505,67,532,60,554,72,566,72,508,72,564,64,531
Random melody 914,65,586,67,538,71,523,62,577,64,516,69,568,60,575,60,506
Random melody 915,64,518,69,520,67,527,60,561,69,554,65,597,67,566,64,554
Random melody 916,72,587,60,505,72,556,64,537,62,588,71,591,60,527,72,532
Random melody 917,64,553,71,525,64,535,71,510,71,534,72,579,65,523,72,537
Random melody 918,65,545,69,586,67,523,60,530,69,545,69,504,67,571,71,539
Random melody 919,67,551,60,546,71,571,65,565,69,568,67,541,65,590,60,590
Random melody 920,71,558,64,512,64,526,60,539,69,543,67,508,71,590,67,554
Random melody 921,64,514,69,556,69,564,60,504,62,584,71,571,65,583,64,529
Random melody 922,71,506,62,580,69,570,64,510,69,543,72,597,67,523,62,570
Random melody 923,72,525,69,565,71,538,64,537,69,592,65,567,69,572,65,537
Random melody 924,65,600,64,545,64,538,72,532,60,585,60,574,69,558,72,516
Random melody 925,71,533,65,515,60,524,71,579,71,557,60,557,72,521,60,530
Random melody 926,71,500,64,588,60,580,60,595,71,512,64,594,64,507,67,516
Random melody 927,67,500,65,524,62,579,71,546,69,564,65,557,65,555,67,568
Random melody 928,67,544,60,585,71,541,67,525,67,543,60,561,71,511,67,582
Random melody 929,69,598,60,512,72,530,69,551,64,590,64,525,65,536,64,525
Random melody 930,72,557,72,576,69,511,60,566,67,519,69,547,71,541,72,522
Random melody 931,60,520,65,545,65,551,60,562,64,581,62,539,62,557,62,517
Random melody 932,62,513,65,581,60,587,64,506,65,505,60,591,69,507,72,537
Random melody 933,72,573,64,516,64,557,64,521,72,572,69,570,69,504,65,525
Random melody 934,67,538,64,564,65,591,67,511,71,570,64,590,69,579,64,582
Random melody 935,72,561,65,580,65,509,69,593,64,523,72,517,62,539,67,599
Random melody 936,62,572,72,599,62,518,62,567,67,519,71,515,60,572,65,556
Random melody 937,71,562,60,545,65,503,69,530,69,546,62,505,60,526,72,530
Random melody 938,72,539,60,548,60,510,72,502,60,522,72,579,69,524,64,540
Random melody 939,71,576,62,581,65,523,67,573,62,600,69,509,65,511,64,520
Random melody 940,69,575,69,600,60,592,69,578,69,543,60,593,62,526,64,515
Random melody 941,65,516,71,531,60,583,69,568,60,590,69,519,71,528,62,559
Random melody 942,71,560,71,518,72,590,69,546,72,570,60,561,62,559,69,536
Random melody 943,65,568,69,556,65,542,65,581,64,584,65,549,64,549,69,582
Random melody 944,69,542,72,599,72,528,69,547,65,594,60,577,67,520,62,515
Random melody 945,62,510,62,518,62,540,65,561,67,599,72,587,72,590,64,500
Random melody 946,69,577,64,589,60,533,62,511,72,573,71,540,65,600,60,541
Random melody 947,69,503,64,594,69,533,69,585,65,568,64,537,72,506,71,505
Random melody 948,69,580,64,534,72,554,64,528,65,517,64,534,72,572,64,559
Random melody 949,72,532,65,593,62,519,67,557,64,511,65,565,62,516,72,504
Random melody 950,60,547,65,589,71,507,69,511,62,590,72,575,62,523,69,560
Random melody 951,62,559,60,563,60,573,67,590,65,570,72,514,72,511,72,557
Random melody 952,65,509,71,523,60,514,64,573,65,505,62,563,65,541,72,566
Random melody 953,62,579,72,568,60,583,71,515,69,576,71,502,64,596,65,540
Random melody 954,67,506,60,580,69,540,71,538,62,543,69,557,67,512,62,558
Random melody 955,72,541,65,533,62,521,72,592,67,517,69,593,71,532,64,539
Random melody 956,65,504,60,508,72,515,60,535,72,573,69,594,60,563,72,582
Random melody 957,67,570,71,520,71,506,65,553,60,546,67,527,71,501,67,555
Random melody 958,62,514,62,571,67,592,71,571,64,575,67,541,64,528,71,502
Random melody 959,67,587,62,559,67,586,72,596,72,575,71,533,62,510,71,575
Random melody 960,62,507,64,561,64,568,69,571,64,597,72,523,71,545,64,513
Random melody 961,60,567,69,558,72,556,67,506,62,517,64,505,71,569,72,503
Random melody 962,65,577,67,567,65,510,64,591,64,524,65,560,67,550,72,541
Random melody 963,62,553,64,575,69,531,60,529,69,512,67,537,62,507,71,503
Random melody 964,64,513,64,535,69,555,60,548,62,518,67,576,65,581,60,564
Random melody 965,67,521,71,576,65,594,64,574,67,504,69,573,62,532,67,563
Random melody 966,69,566,71,528,62,584,72,540,65,592,71,586,65,565,71,593
Random melody 967,72,597,65,580,65,540,71,544,65,570,62,581,71,579,72,572
Random melody 968,65,560,72,600,60,501,62,537,69,501,65,523,72,519,60,522
Random melody 969,64,580,64,543,67,563,71,571,60,544,72,556,67,520,72,536
Random melody 970,60,543,62,568,64,521,69,522,64,507,69,571,72,559,65,564
Random melody 971,65,554,60,545,72,545,64,571,62,507,67,542,60,544,72,568
Random melody 972,71,502,64,555,65,515,71,526,72,595,65,592,71,514,69,544
Random melody 973,62,540,67,550,62,535,69,570,62,566,62,523,65,531,67,501
Random melody 974,60,583,60,582,67,591,60,513,69,592,67,525,62,564,69,574
Random melody 975,64,563,64,524,69,600,64,555,71,532,65,571,69,589,67,562
Random melody 976,65,591,72,501,64,564,67,538,67,553,60,542,71,567,72,545
Random melody 977,67,564,71,584,69,549,67,536,72,568,67,557,67,565,71,539
Random melody 978,71,534,65,576,62,581,65,598,67,573,69,593,71,541,67,557
Random melody 979,65,559,60,510,69,509,67,546,67,543,60,542,65,517,67,590
Random melody 980,72,507,72,563,69,554,69,565,67,519,62,566,67,522,65,555
Random melody 981,69,571,60,518,60,518,64,587,64,586,64,545,67,572,72,502
Random melody 982,64,533,72,536,67,555,72,514,67,523,69,507,67,556,64,550
Random melody 983,71,532,71,570,60,507,72,531,71,575,72,595,72,539,60,514
Random melody 984,60,552,67,503,69,586,64,582,65,594,64,539,69,548,69,508
Random melody 985,69,503,62,552,69,577,72,507,64,514,64,573,67,535,62,561
Random melody 986,67,569,64,568,67,544,71,596,65,541,72,569,72,519,67,574
Random melody 987,72,543,64,501,71,577,62,553,65,531,72,527,62,577,64,551
Random melody 988,65,569,65,553,72,581,60,518,67,513,64,551,65,579,65,572
Random melody 989,64,547,67,552,65,519,69,585,65,562,71,525,71,556,62,514
Random melody 990,67,502,67,501,69,579,65,540,64,586,65,593,72,558,60,559
Random melody 991,60,586,72,595,72,529,64,543,65,542,67,536,69,535,69,536
Random melody 992,72,548,67,532,69,518,62,546,69,569,62,516,65,515,60,509
Random melody 993,72,565,60,553,65,529,69,526,71,530,60,529,72,568,67,525
Random melody 994,64,528,69,554,67,600,67,599,67,537,71,598,71,540,64,590
Random melody 995,65,529,62,577,60,538,65,576,62,585,62,575,67,505,62,596
Random melody 996,64,512,60,508,65,565,67,538,71,515,62,510,65,567,71,566
Random melody 997,67,579,69,545,72,596,69,542,72,506,67,510,69,506,71,600
Random melody 998,62,587,71,560,67,598,62,553,67,549,67,587,65,573,67,600
Random melody 999,64,560,67,599,65,600,72,538,60,582,72,541,62,505,69,559
